ID,PR,COMMIT,UnitTest,FuncTest,PerfTest,Note
1,PR-1,testcommitid01,Passed,Passed,Passed, 
2,PR-2,testcommitid02,Passed,Passed,Passed, 
3,PR-2,testcommitid03,Passed,Passed,Passed, 
4,PR-2,testcommitid04,Passed,Passed,Passed, 
5,PR-2,testcommitid05,Passed,Passed,Passed, 
6,PR-3,testcommitid06,Passed,Passed,Passed, 
7,PR-4,testcommitid07,Passed,Passed,Passed, 
8,PR-5,testcommitid08,Passed,Passed,Passed, 
9,PR-6,testcommitid09,Passed,Passed,Passed, 
10,PR-7,testcommitid10,Passed,Passed,Passed, 
